DateObserved,Ozone,PM2.5,Number,AQI_Category
2015-01-01,26.0,60.0,1,Good
2015-01-02,20.0,76.0,2,Moderate
2015-01-03,17.0,86.0,1,Good
2015-01-04,19.0,88.0,2,Moderate
2015-01-05,12.0,72.0,1,Good
2015-01-06,13.0,91.0,2,Moderate
2015-01-07,8.0,75.0,1,Good
2015-01-08,5.0,98.0,2,Moderate
2015-01-09,9.0,82.0,1,Good
2015-01-10,13.0,61.0,2,Moderate
2015-01-11,14.0,59.0,1,Good
2015-01-12,9.0,56.0,2,Moderate
2015-01-13,11.0,51.0,2,Moderate
2015-01-14,13.0,83.0,1,Good
2015-01-15,9.0,100.0,1,Good
2015-01-16,5.0,94.0,2,Moderate
2015-01-17,17.0,62.0,1,Good
2015-01-18,7.0,63.0,2,Moderate
2015-01-19,12.0,55.0,1,Good
2015-01-20,11.0,60.0,2,Moderate
2015-01-21,11.0,57.0,1,Good
2015-01-22,11.0,67.0,2,Moderate
2015-01-23,8.0,72.0,1,Good
2015-01-24,11.0,72.0,2,Moderate
2015-01-25,14.0,71.0,1,Good
2015-01-26,8.0,68.0,2,Moderate
2015-01-27,21.0,53.0,2,Moderate
2015-01-28,21.0,92.0,1,Good
2015-01-29,19.0,58.0,1,Good
2015-01-30,12.0,55.0,2,Moderate
2015-01-31,27.0,45.0,1,Good
2015-02-01,18.0,62.0,2,Moderate
2015-02-02,20.0,84.0,1,Good
2015-02-03,16.0,65.0,2,Moderate
2015-02-04,30.0,77.0,1,Good
2015-02-05,28.0,46.0,2,Moderate
2015-02-06,29.0,21.0,1,Good
2015-02-07,26.0,34.0,2,Moderate
2015-02-08,38.0,23.0,2,Moderate
2015-02-09,30.0,53.0,1,Good
2015-02-10,21.0,39.0,2,Moderate
2015-02-11,15.0,48.0,1,Good
2015-02-12,19.0,51.0,1,Good
2015-02-13,21.0,56.0,2,Moderate
2015-02-14,21.0,59.0,1,Good
2015-02-15,23.0,54.0,2,Moderate
2015-02-16,36.0,57.0,1,Good
2015-02-17,37.0,55.0,2,Moderate
2015-02-18,25.0,51.0,1,Good
2015-02-19,22.0,55.0,2,Moderate
2015-02-20,15.0,59.0,1,Good
2015-02-21,31.0,53.0,2,Moderate
2015-02-22,31.0,33.0,2,Moderate
2015-02-23,31.0,24.0,1,Good
2015-02-24,29.0,34.0,2,Moderate
2015-02-25,28.0,52.0,1,Good
2015-02-26,29.0,56.0,1,Good
2015-02-27,33.0,20.0,2,Moderate
2015-02-28,31.0,23.0,1,Good
2015-03-01,30.0,26.0,2,Moderate
2015-03-02,35.0,42.0,1,Good
2015-03-03,29.0,44.0,1,Good
2015-03-04,28.0,48.0,1,Good
2015-03-05,36.0,48.0,2,Moderate
2015-03-06,33.0,53.0,1,Good
2015-03-07,34.0,54.0,2,Moderate
2015-03-08,31.0,56.0,1,Good
2015-03-09,24.0,58.0,2,Moderate
2015-03-10,30.0,64.0,2,Moderate
2015-03-11,33.0,52.0,1,Good
2015-03-12,24.0,34.0,1,Good
2015-03-13,21.0,49.0,1,Good
2015-03-14,37.0,52.0,1,Good
2015-03-15,32.0,24.0,1,Good
2015-03-16,30.0,41.0,1,Good
2015-03-17,32.0,28.0,1,Good
2015-03-18,30.0,39.0,1,Good
2015-03-19,34.0,57.0,1,Good
2015-03-20,33.0,40.0,1,Good
2015-03-21,31.0,26.0,2,Moderate
2015-03-22,34.0,31.0,1,Good
2015-03-23,39.0,38.0,1,Good
2015-03-24,33.0,36.0,1,Good
2015-03-25,24.0,39.0,1,Good
2015-03-26,28.0,51.0,1,Good
2015-03-27,24.0,18.0,2,Moderate
2015-03-28,31.0,43.0,1,Good
2015-03-29,28.0,54.0,2,Moderate
2015-03-30,31.0,55.0,1,Good
2015-03-31,38.0,37.0,2,Moderate
2015-04-01,37.0,43.0,1,Good
2015-04-02,35.0,47.0,2,Moderate
2015-04-03,38.0,57.0,1,Good
2015-04-04,42.0,37.0,2,Moderate
2015-04-05,43.0,33.0,1,Good
2015-04-06,42.0,19.0,2,Moderate
2015-04-07,43.0,14.0,2,Moderate
2015-04-08,38.0,23.0,1,Good
2015-04-09,35.0,28.0,1,Good
2015-04-10,34.0,26.0,2,Moderate
2015-04-11,33.0,28.0,1,Good
2015-04-12,33.0,29.0,2,Moderate
2015-04-13,44.0,22.0,1,Good
2015-04-14,40.0,29.0,2,Moderate
2015-04-15,35.0,28.0,1,Good
2015-04-16,43.0,21.0,1,Good
2015-04-17,36.0,52.0,1,Good
2015-04-18,34.0,52.0,1,Good
2015-04-19,37.0,37.0,1,Good
2015-04-20,36.0,44.0,1,Good
2015-04-21,32.0,28.0,1,Good
2015-04-22,35.0,46.0,2,Moderate
2015-04-23,34.0,60.0,1,Good
2015-04-24,41.0,29.0,2,Moderate
2015-04-25,36.0,22.0,1,Good
2015-04-26,32.0,19.0,1,Good
2015-04-27,24.0,30.0,1,Good
2015-04-28,35.0,34.0,1,Good
2015-04-29,33.0,58.0,1,Good
2015-04-30,41.0,54.0,1,Good
2015-05-01,42.0,62.0,1,Good
2015-05-02,44.0,54.0,1,Good
2015-05-03,44.0,34.0,1,Good
2015-05-04,40.0,42.0,1,Good
2015-05-05,36.0,55.0,1,Good
2015-05-06,33.0,57.0,1,Good
2015-05-07,32.0,59.0,1,Good
2015-05-08,35.0,61.0,1,Good
2015-05-09,37.0,33.0,1,Good
2015-05-10,34.0,33.0,2,Moderate
2015-05-11,36.0,52.0,1,Good
2015-05-12,38.0,31.0,2,Moderate
2015-05-13,38.0,19.0,1,Good
2015-05-14,43.0,17.0,2,Moderate
2015-05-15,37.0,28.0,2,Moderate
2015-05-16,37.0,31.0,1,Good
2015-05-17,36.0,11.0,1,Good
2015-05-18,32.0,21.0,2,Moderate
2015-05-19,31.0,29.0,1,Good
2015-05-20,31.0,17.0,2,Moderate
2015-05-21,31.0,9.0,1,Good
2015-05-22,34.0,14.0,1,Good
2015-05-23,35.0,38.0,1,Good
2015-05-24,33.0,44.0,1,Good
2015-05-25,31.0,11.0,1,Good
2015-05-26,32.0,10.0,2,Moderate
2015-05-27,28.0,16.0,1,Good
2015-05-28,27.0,9.0,1,Good
2015-05-29,31.0,16.0,1,Good
2015-05-30,35.0,22.0,1,Good
2015-05-31,36.0,29.0,1,Good
2015-06-01,27.0,4.0,1,Good
2015-06-02,27.0,13.0,1,Good
2015-06-03,,39.0,1,Good
2015-06-04,25.0,47.0,1,Good
2015-06-05,26.0,42.0,2,Moderate
2015-06-06,29.0,7.0,1,Good
2015-06-07,25.0,,1,Good
2015-06-08,28.0,9.0,1,Good
2015-06-09,22.0,0.0,1,Good
2015-06-10,23.0,4.0,1,Good
2015-06-11,27.0,22.0,1,Good
2015-06-12,27.0,43.0,1,Good
2015-06-13,30.0,41.0,1,Good
2015-06-14,29.0,59.0,1,Good
2015-06-15,27.0,54.0,1,Good
2015-06-16,28.0,54.0,1,Good
2015-06-17,27.0,48.0,1,Good
2015-06-18,28.0,41.0,1,Good
2015-06-19,23.0,23.0,2,Moderate
2015-06-20,27.0,18.0,1,Good
2015-06-21,31.0,36.0,1,Good
2015-06-22,27.0,28.0,1,Good
2015-06-23,26.0,47.0,1,Good
2015-06-24,25.0,46.0,1,Good
2015-06-25,22.0,48.0,2,Moderate
2015-06-26,27.0,37.0,2,Moderate
2015-06-27,17.0,15.0,1,Good
2015-06-28,21.0,,1,Good
2015-06-29,,6.0,1,Good
2015-06-30,18.0,9.0,1,Good
2015-07-01,21.0,7.0,1,Good
2015-07-02,19.0,0.0,1,Good
2015-07-03,24.0,,1,Good
2015-07-04,25.0,,1,Good
2015-07-05,23.0,,2,Moderate
2015-07-06,24.0,8.0,1,Good
2015-07-07,19.0,0.0,1,Good
2015-07-08,22.0,,1,Good
2015-07-09,23.0,17.0,1,Good
2015-07-10,22.0,16.0,1,Good
2015-07-11,23.0,,1,Good
2015-07-12,22.0,2.0,1,Good
2015-07-13,15.0,4.0,1,Good
2015-07-14,24.0,6.0,1,Good
2015-07-15,23.0,23.0,1,Good
2015-07-16,23.0,13.0,1,Good
2015-07-17,27.0,14.0,1,Good
2015-07-18,31.0,9.0,1,Good
2015-07-19,32.0,,1,Good
2015-07-20,19.0,18.0,1,Good
2015-07-21,20.0,7.0,1,Good
2015-07-22,20.0,37.0,1,Good
2015-07-23,22.0,34.0,1,Good
2015-07-24,21.0,17.0,1,Good
2015-07-25,18.0,0.0,1,Good
2015-07-26,22.0,21.0,1,Good
2015-07-27,22.0,41.0,1,Good
2015-07-28,23.0,52.0,1,Good
2015-07-29,24.0,19.0,1,Good
2015-07-30,25.0,19.0,1,Good
2015-07-31,24.0,19.0,1,Good
2015-08-01,24.0,18.0,1,Good
2015-08-02,19.0,17.0,2,Moderate
2015-08-03,23.0,,1,Good
2015-08-04,22.0,7.0,2,Moderate
2015-08-05,22.0,,1,Good
2015-08-06,23.0,40.0,1,Good
2015-08-07,26.0,29.0,1,Good
2015-08-08,19.0,3.0,1,Good
2015-08-09,19.0,,1,Good
2015-08-10,16.0,,1,Good
2015-08-11,20.0,1.0,1,Good
2015-08-12,17.0,,1,Good
2015-08-13,22.0,,1,Good
2015-08-14,18.0,7.0,2,Moderate
2015-08-15,29.0,64.0,1,Good
2015-08-16,46.0,82.0,1,Good
2015-08-17,28.0,70.0,1,Good
2015-08-18,35.0,65.0,1,Good
2015-08-19,34.0,52.0,1,Good
2015-08-20,31.0,39.0,1,Good
2015-08-21,27.0,32.0,1,Good
2015-08-22,28.0,20.0,1,Good
2015-08-23,30.0,37.0,1,Good
2015-08-24,31.0,54.0,1,Good
2015-08-25,33.0,58.0,1,Good
2015-08-26,26.0,51.0,2,Moderate
2015-08-27,21.0,26.0,1,Good
2015-08-28,13.0,14.0,2,Moderate
2015-08-29,24.0,,1,Good
2015-08-30,25.0,7.0,2,Moderate
2015-08-31,26.0,41.0,1,Good
2015-09-01,27.0,42.0,2,Moderate
2015-09-02,25.0,11.0,1,Good
2015-09-03,25.0,32.0,1,Good
2015-09-04,22.0,32.0,1,Good
2015-09-05,26.0,31.0,1,Good
2015-09-06,26.0,25.0,1,Good
2015-09-07,47.0,33.0,2,Moderate
2015-09-08,54.0,49.0,1,Good
2015-09-09,29.0,53.0,2,Moderate
2015-09-10,20.0,24.0,1,Good
2015-09-11,26.0,19.0,2,Moderate
2015-09-12,26.0,22.0,1,Good
2015-09-13,22.0,11.0,2,Moderate
2015-09-14,24.0,9.0,1,Good
2015-09-15,28.0,23.0,1,Good
2015-09-16,31.0,6.0,1,Good
2015-09-17,24.0,14.0,1,Good
2015-09-18,21.0,34.0,1,Good
2015-09-19,39.0,43.0,2,Moderate
2015-09-20,90.0,43.0,1,Good
2015-09-21,30.0,54.0,1,Good
2015-09-22,29.0,47.0,1,Good
2015-09-23,24.0,36.0,1,Good
2015-09-24,26.0,16.0,1,Good
2015-09-25,23.0,26.0,1,Good
2015-09-26,25.0,18.0,1,Good
2015-09-27,23.0,53.0,1,Good
2015-09-28,31.0,32.0,1,Good
2015-09-29,32.0,28.0,1,Good
2015-09-30,18.0,,1,Good
2015-10-01,22.0,,1,Good
2015-10-02,25.0,31.0,1,Good
2015-10-03,32.0,52.0,1,Good
2015-10-04,35.0,46.0,1,Good
2015-10-05,31.0,34.0,1,Good
2015-10-06,32.0,32.0,1,Good
2015-10-07,28.0,52.0,1,Good
2015-10-08,23.0,51.0,1,Good
2015-10-09,26.0,12.0,1,Good
2015-10-10,22.0,,1,Good
2015-10-11,20.0,26.0,1,Good
2015-10-12,21.0,48.0,1,Good
2015-10-13,33.0,53.0,1,Good
2015-10-14,31.0,33.0,1,Good
2015-10-15,28.0,24.0,1,Good
2015-10-16,36.0,7.0,1,Good
2015-10-17,39.0,,1,Good
2015-10-18,33.0,,1,Good
2015-10-19,25.0,,1,Good
2015-10-20,18.0,27.0,1,Good
2015-10-21,22.0,34.0,1,Good
2015-10-22,25.0,52.0,1,Good
2015-10-23,19.0,51.0,1,Good
2015-10-24,29.0,55.0,1,Good
2015-10-25,31.0,16.0,1,Good
2015-10-26,18.0,26.0,1,Good
2015-10-27,26.0,14.0,1,Good
2015-10-28,29.0,1.0,1,Good
2015-10-29,25.0,24.0,1,Good
2015-10-30,17.0,45.0,1,Good
2015-10-31,22.0,20.0,1,Good
2015-11-01,28.0,,1,Good
2015-11-02,30.0,,1,Good
2015-11-03,25.0,,1,Good
2015-11-04,29.0,,1,Good
2015-11-05,21.0,,1,Good
2015-11-06,23.0,,1,Good
2015-11-07,29.0,46.0,1,Good
2015-11-08,32.0,29.0,1,Good
2015-11-09,38.0,22.0,1,Good
2015-11-10,25.0,36.0,1,Good
2015-11-11,19.0,53.0,1,Good
2015-11-12,20.0,52.0,1,Good
2015-11-13,20.0,59.0,1,Good
2015-11-14,34.0,70.0,1,Good
2015-11-15,34.0,25.0,1,Good
2015-11-16,30.0,17.0,1,Good
2015-11-17,21.0,24.0,1,Good
2015-11-18,19.0,52.0,1,Good
2015-11-19,18.0,52.0,1,Good
2015-11-20,12.0,43.0,1,Good
2015-11-21,22.0,60.0,1,Good
2015-11-22,22.0,63.0,1,Good
2015-11-23,26.0,51.0,2,Moderate
2015-11-24,30.0,33.0,1,Good
2015-11-25,23.0,35.0,2,Moderate
2015-11-26,28.0,28.0,1,Good
2015-11-27,27.0,32.0,1,Good
2015-11-28,27.0,29.0,2,Moderate
2015-11-29,26.0,39.0,1,Good
2015-11-30,20.0,60.0,1,Good
2015-12-01,18.0,52.0,1,Good
2015-12-02,8.0,72.0,1,Good
2015-12-03,31.0,61.0,1,Good
2015-12-04,17.0,49.0,1,Good
2015-12-05,11.0,57.0,1,Good
2015-12-06,19.0,34.0,1,Good
2015-12-07,9.0,56.0,1,Good
2015-12-08,9.0,58.0,1,Good
2015-12-09,27.0,33.0,1,Good
2015-12-10,32.0,38.0,1,Good
2015-12-11,30.0,42.0,1,Good
2015-12-12,29.0,39.0,1,Good
2015-12-13,35.0,21.0,1,Good
2015-12-14,27.0,32.0,1,Good
2015-12-15,24.0,23.0,1,Good
2015-12-16,14.0,57.0,1,Good
2015-12-17,9.0,55.0,1,Good
2015-12-18,28.0,44.0,1,Good
2015-12-19,27.0,23.0,1,Good
2015-12-20,26.0,22.0,1,Good
2015-12-21,28.0,1.0,1,Good
2015-12-22,32.0,22.0,1,Good
2015-12-23,24.0,45.0,1,Good
2015-12-24,31.0,28.0,1,Good
2015-12-25,26.0,23.0,1,Good
2015-12-26,25.0,35.0,1,Good
2015-12-27,15.0,56.0,1,Good
2015-12-28,15.0,57.0,1,Good
2015-12-29,14.0,53.0,1,Good
2015-12-30,9.0,60.0,1,Good
2015-12-31,20.0,55.0,1,Good
2016-01-01,30.0,58.0,1,Good
2016-01-02,22.0,59.0,1,Good
2016-01-03,15.0,71.0,1,Good
2016-01-04,28.0,66.0,1,Good
2016-01-05,27.0,36.0,1,Good
2016-01-06,32.0,26.0,1,Good
2016-01-07,21.0,50.0,1,Good
2016-01-08,11.0,60.0,1,Good
2016-01-09,23.0,52.0,1,Good
2016-01-10,22.0,52.0,1,Good
2016-01-11,8.0,60.0,1,Good
2016-01-12,30.0,61.0,1,Good
2016-01-13,32.0,51.0,1,Good
2016-01-14,33.0,43.0,1,Good
2016-01-15,19.0,55.0,1,Good
2016-01-16,16.0,40.0,1,Good
2016-01-17,25.0,31.0,1,Good
2016-01-18,22.0,33.0,1,Good
2016-01-19,28.0,48.0,1,Good
2016-01-20,13.0,55.0,1,Good
2016-01-21,28.0,52.0,1,Good
2016-01-22,36.0,9.0,1,Good
2016-01-23,34.0,34.0,1,Good
2016-01-24,31.0,23.0,1,Good
2016-01-25,21.0,32.0,1,Good
2016-01-26,8.0,57.0,1,Good
2016-01-27,17.0,57.0,1,Good
2016-01-28,16.0,63.0,1,Good
2016-01-29,33.0,19.0,1,Good
2016-01-30,33.0,22.0,1,Good
2016-01-31,31.0,25.0,1,Good
2016-02-01,28.0,26.0,1,Good
2016-02-02,22.0,37.0,1,Good
2016-02-03,21.0,48.0,1,Good
2016-02-04,21.0,54.0,1,Good
2016-02-05,18.0,57.0,1,Good
2016-02-06,20.0,57.0,1,Good
2016-02-07,19.0,54.0,1,Good
2016-02-08,19.0,54.0,1,Good
2016-02-09,21.0,70.0,1,Good
2016-02-10,19.0,65.0,1,Good
2016-02-11,19.0,61.0,1,Good
2016-02-12,17.0,51.0,2,Moderate
2016-02-13,22.0,49.0,1,Good
2016-02-14,20.0,51.0,1,Good
2016-02-15,19.0,32.0,1,Good
2016-02-16,28.0,66.0,1,Good
2016-02-17,38.0,37.0,1,Good
2016-02-18,35.0,35.0,1,Good
2016-02-19,34.0,33.0,1,Good
2016-02-20,26.0,45.0,1,Good
2016-02-21,30.0,36.0,1,Good
2016-02-22,19.0,45.0,1,Good
2016-02-23,23.0,46.0,1,Good
2016-02-24,31.0,57.0,1,Good
2016-02-25,30.0,67.0,1,Good
2016-02-26,27.0,24.0,1,Good
2016-02-27,30.0,24.0,1,Good
2016-02-28,24.0,44.0,1,Good
2016-02-29,17.0,54.0,1,Good
2016-03-01,26.0,33.0,1,Good
2016-03-02,24.0,26.0,1,Good
2016-03-03,19.0,15.0,1,Good
2016-03-04,22.0,19.0,1,Good
2016-03-05,40.0,0.0,1,Good
2016-03-06,39.0,27.0,1,Good
2016-03-07,31.0,25.0,1,Good
2016-03-08,31.0,28.0,1,Good
2016-03-09,19.0,38.0,1,Good
2016-03-10,26.0,22.0,1,Good
2016-03-11,37.0,27.0,1,Good
2016-03-12,36.0,31.0,1,Good
2016-03-13,35.0,34.0,2,Moderate
2016-03-14,38.0,44.0,1,Good
2016-03-15,31.0,46.0,2,Moderate
2016-03-16,23.0,52.0,2,Moderate
2016-03-17,30.0,34.0,1,Good
2016-03-18,,29.0,1,Good
2016-03-19,34.0,17.0,2,Moderate
2016-03-20,32.0,8.0,1,Good
2016-03-21,39.0,39.0,2,Moderate
2016-03-22,31.0,38.0,1,Good
2016-03-23,27.0,27.0,1,Good
2016-03-24,28.0,42.0,1,Good
2016-03-25,31.0,55.0,1,Good
2016-03-26,25.0,53.0,1,Good
2016-03-27,36.0,23.0,1,Good
2016-03-28,32.0,35.0,1,Good
2016-03-29,29.0,47.0,1,Good
2016-03-30,31.0,51.0,1,Good
2016-03-31,31.0,51.0,2,Moderate
2016-04-01,32.0,44.0,1,Good
2016-04-02,30.0,48.0,2,Moderate
2016-04-03,31.0,45.0,1,Good
2016-04-04,28.0,46.0,2,Moderate
2016-04-05,30.0,58.0,1,Good
2016-04-06,34.0,48.0,1,Good
2016-04-07,33.0,57.0,1,Good
2016-04-08,27.0,52.0,1,Good
2016-04-09,25.0,28.0,1,Good
2016-04-10,30.0,32.0,1,Good
2016-04-11,30.0,48.0,1,Good
2016-04-12,37.0,47.0,1,Good
2016-04-13,36.0,53.0,1,Good
2016-04-14,37.0,54.0,1,Good
2016-04-15,31.0,51.0,1,Good
2016-04-16,34.0,37.0,1,Good
2016-04-17,44.0,52.0,1,Good
2016-04-18,40.0,54.0,1,Good
2016-04-19,41.0,53.0,1,Good
2016-04-20,33.0,45.0,1,Good
2016-04-21,31.0,37.0,1,Good
2016-04-22,40.0,48.0,1,Good
2016-04-23,33.0,40.0,1,Good
2016-04-24,36.0,43.0,1,Good
2016-04-25,35.0,51.0,1,Good
2016-04-26,33.0,55.0,1,Good
2016-04-27,37.0,54.0,1,Good
2016-04-28,31.0,56.0,2,Moderate
2016-04-30,32.0,,1,Good
2016-05-01,37.0,62.0,1,Good
2016-05-02,31.0,62.0,2,Moderate
2016-05-03,27.0,53.0,1,Good
2016-05-04,32.0,55.0,1,Good
2016-05-05,31.0,53.0,1,Good
2016-05-06,25.0,59.0,1,Good
2016-05-07,25.0,44.0,1,Good
2016-05-08,31.0,50.0,1,Good
2016-05-09,31.0,52.0,1,Good
2016-05-10,,52.0,1,Good
2016-05-11,32.0,51.0,1,Good
2016-05-12,33.0,46.0,1,Good
2016-05-13,35.0,30.0,1,Good
2016-05-14,28.0,13.0,1,Good
2016-05-16,27.0,,1,Good
2016-05-17,28.0,55.0,1,Good
2016-05-18,31.0,61.0,1,Good
2016-05-19,35.0,52.0,1,Good
2016-05-20,31.0,29.0,1,Good
2016-05-21,32.0,11.0,1,Good
2016-05-22,26.0,13.0,1,Good
2016-05-23,24.0,3.0,1,Good
2016-05-24,22.0,8.0,2,Moderate
2016-05-25,29.0,24.0,1,Good
2016-05-26,43.0,48.0,2,Moderate
2016-05-27,35.0,58.0,1,Good
2016-05-28,40.0,60.0,1,Good
2016-05-29,36.0,58.0,1,Good
2016-05-30,32.0,47.0,1,Good
2016-05-31,27.0,44.0,1,Good
2016-06-01,31.0,28.0,1,Good
2016-06-02,26.0,39.0,1,Good
2016-06-03,31.0,40.0,1,Good
2016-06-04,28.0,21.0,1,Good
2016-06-05,28.0,12.0,1,Good
2016-06-06,23.0,1.0,1,Good
2016-06-07,24.0,1.0,2,Moderate
2016-06-08,27.0,23.0,1,Good
2016-06-09,25.0,7.0,1,Good
2016-06-10,30.0,34.0,1,Good
2016-06-11,31.0,52.0,1,Good
2016-06-12,30.0,56.0,1,Good
2016-06-13,31.0,49.0,1,Good
2016-06-14,30.0,32.0,1,Good
2016-06-15,26.0,23.0,1,Good
2016-06-16,29.0,11.0,1,Good
2016-06-17,24.0,10.0,1,Good
2016-06-18,27.0,23.0,2,Moderate
2016-06-19,33.0,31.0,1,Good
2016-06-20,25.0,47.0,1,Good
2016-06-21,25.0,53.0,1,Good
2016-06-22,28.0,51.0,1,Good
2016-06-23,23.0,37.0,1,Good
2016-06-24,21.0,37.0,1,Good
2016-06-25,23.0,59.0,1,Good
2016-06-26,23.0,52.0,2,Moderate
2016-06-27,19.0,47.0,1,Good
2016-06-28,19.0,53.0,2,Moderate
2016-06-29,20.0,56.0,1,Good
2016-06-30,21.0,62.0,1,Good
2016-07-01,19.0,57.0,1,Good
2016-07-02,18.0,17.0,1,Good
2016-07-03,22.0,4.0,1,Good
2016-07-04,22.0,22.0,1,Good
2016-07-05,24.0,22.0,1,Good
2016-07-06,21.0,43.0,2,Moderate
2016-07-07,16.0,19.0,1,Good
2016-07-08,15.0,3.0,1,Good
2016-07-09,22.0,4.0,1,Good
2016-07-10,21.0,27.0,1,Good
2016-07-11,19.0,47.0,1,Good
2016-07-12,19.0,42.0,1,Good
2016-07-13,18.0,51.0,1,Good
2016-07-14,20.0,51.0,1,Good
2016-07-15,24.0,24.0,1,Good
2016-07-16,22.0,28.0,1,Good
2016-07-17,18.0,31.0,1,Good
2016-07-18,20.0,13.0,1,Good
2016-07-19,24.0,12.0,1,Good
2016-07-20,19.0,18.0,1,Good
2016-07-21,21.0,17.0,1,Good
2016-07-22,19.0,21.0,2,Moderate
2016-07-23,20.0,58.0,1,Good
2016-07-24,21.0,53.0,2,Moderate
2016-07-25,20.0,26.0,1,Good
2016-07-26,22.0,20.0,2,Moderate
2016-07-27,15.0,31.0,1,Good
2016-07-28,14.0,14.0,1,Good
2016-07-29,15.0,10.0,1,Good
2016-07-30,19.0,5.0,1,Good
2016-07-31,22.0,10.0,1,Good
2016-08-01,26.0,22.0,1,Good
2016-08-02,20.0,27.0,1,Good
2016-08-03,21.0,55.0,1,Good
2016-08-04,20.0,28.0,1,Good
2016-08-05,20.0,12.0,1,Good
2016-08-06,21.0,53.0,1,Good
2016-08-07,19.0,41.0,1,Good
2016-08-08,19.0,46.0,1,Good
2016-08-09,19.0,44.0,1,Good
2016-08-10,20.0,21.0,1,Good
2016-08-11,19.0,19.0,1,Good
2016-08-12,19.0,16.0,1,Good
2016-08-13,19.0,8.0,1,Good
2016-08-14,16.0,17.0,1,Good
2016-08-15,16.0,15.0,1,Good
2016-08-16,19.0,22.0,1,Good
2016-08-17,20.0,21.0,1,Good
2016-08-18,24.0,19.0,1,Good
2016-08-19,30.0,52.0,1,Good
2016-08-20,29.0,33.0,1,Good
2016-08-21,29.0,22.0,1,Good
2016-08-22,27.0,20.0,1,Good
2016-08-23,27.0,30.0,1,Good
2016-08-24,27.0,29.0,1,Good
2016-08-25,24.0,29.0,2,Moderate
2016-08-26,30.0,18.0,1,Good
2016-08-27,29.0,44.0,2,Moderate
2016-08-28,33.0,35.0,1,Good
2016-08-29,26.0,22.0,2,Moderate
2016-08-30,18.0,16.0,2,Moderate
2016-08-31,16.0,19.0,1,Good
2016-09-01,19.0,44.0,1,Good
2016-09-02,21.0,56.0,1,Good
2016-09-03,26.0,53.0,1,Good
2016-09-04,22.0,55.0,1,Good
2016-09-05,23.0,57.0,1,Good
2016-09-06,20.0,65.0,1,Good
2016-09-07,20.0,58.0,1,Good
2016-09-08,39.0,46.0,2,Moderate
2016-09-09,33.0,50.0,1,Good
2016-09-10,29.0,52.0,2,Moderate
2016-09-11,30.0,44.0,1,Good
2016-09-12,28.0,51.0,1,Good
2016-09-13,31.0,52.0,1,Good
2016-09-14,27.0,40.0,2,Moderate
2016-09-15,31.0,21.0,1,Good
2016-09-16,25.0,17.0,2,Moderate
2016-09-17,24.0,14.0,1,Good
2016-09-18,23.0,14.0,2,Moderate
2016-09-19,28.0,,1,Good
2016-09-20,28.0,,1,Good
2016-09-21,28.0,,1,Good
2016-09-22,25.0,,1,Good
2016-09-23,22.0,,1,Good
2016-09-24,21.0,,1,Good
2016-09-25,45.0,,1,Good
2016-09-26,58.0,,1,Good
2016-09-27,20.0,,1,Good
2016-09-28,31.0,25.0,1,Good
2016-09-29,32.0,53.0,1,Good
2016-09-30,31.0,47.0,1,Good
2016-10-01,33.0,32.0,1,Good
2016-10-02,33.0,32.0,2,Moderate
2016-10-03,29.0,33.0,1,Good
2016-10-04,29.0,27.0,2,Moderate
2016-10-05,28.0,38.0,1,Good
2016-10-06,25.0,35.0,2,Moderate
2016-10-07,26.0,47.0,2,Moderate
2016-10-08,43.0,47.0,1,Good
2016-10-09,36.0,39.0,1,Good
2016-10-10,37.0,28.0,1,Good
2016-10-11,38.0,28.0,1,Good
2016-10-12,27.0,11.0,2,Moderate
2016-10-13,21.0,9.0,1,Good
2016-10-14,33.0,11.0,1,Good
2016-10-15,31.0,14.0,1,Good
2016-10-16,35.0,18.0,2,Moderate
2016-10-17,36.0,37.0,1,Good
2016-10-18,28.0,28.0,2,Moderate
2016-10-19,25.0,47.0,1,Good
2016-10-20,21.0,41.0,1,Good
2016-10-21,20.0,44.0,1,Good
2016-10-22,28.0,36.0,1,Good
2016-10-23,41.0,33.0,1,Good
2016-10-24,30.0,33.0,1,Good
2016-10-25,22.0,14.0,1,Good
2016-10-26,20.0,11.0,1,Good
2016-10-27,12.0,25.0,1,Good
2016-10-28,27.0,16.0,1,Good
2016-10-29,28.0,9.0,1,Good
2016-10-30,37.0,16.0,1,Good
2016-10-31,33.0,29.0,1,Good
2016-11-01,34.0,44.0,1,Good
2016-11-02,24.0,49.0,1,Good
2016-11-03,19.0,42.0,2,Moderate
2016-11-04,27.0,60.0,1,Good
2016-11-05,21.0,52.0,2,Moderate
2016-11-06,20.0,25.0,1,Good
2016-11-07,17.0,42.0,1,Good
2016-11-08,26.0,27.0,1,Good
2016-11-09,20.0,54.0,1,Good
2016-11-10,18.0,54.0,1,Good
2016-11-11,26.0,57.0,1,Good
2016-11-12,27.0,32.0,1,Good
2016-11-13,25.0,53.0,1,Good
2016-11-14,25.0,,1,Good
2016-11-15,32.0,,1,Good
2016-11-16,31.0,56.0,1,Good
2016-11-17,20.0,59.0,1,Good
2016-11-18,37.0,59.0,1,Good
2016-11-19,31.0,53.0,1,Good
2016-11-20,27.0,56.0,1,Good
2016-11-21,27.0,57.0,1,Good
2016-11-22,30.0,57.0,1,Good
2016-11-23,29.0,58.0,1,Good
2016-11-24,26.0,60.0,1,Good
2016-11-25,33.0,64.0,2,Moderate
2016-11-26,36.0,54.0,1,Good
2016-11-27,34.0,53.0,2,Moderate
2016-11-28,28.0,55.0,1,Good
2016-11-29,20.0,56.0,2,Moderate
2016-11-30,14.0,57.0,1,Good
2016-12-01,29.0,53.0,2,Moderate
2016-12-02,25.0,55.0,1,Good
2016-12-03,19.0,62.0,2,Moderate
2016-12-04,23.0,60.0,2,Moderate
2016-12-05,18.0,55.0,1,Good
2016-12-07,21.0,,2,Moderate
2016-12-08,14.0,42.0,1,Good
2016-12-09,,20.0,1,Good
2016-12-10,22.0,,2,Moderate
2016-12-11,20.0,40.0,1,Good
2016-12-12,15.0,52.0,2,Moderate
2016-12-13,6.0,64.0,1,Good
2016-12-14,19.0,51.0,1,Good
2016-12-15,34.0,19.0,1,Good
2016-12-16,31.0,53.0,1,Good
2016-12-17,25.0,56.0,1,Good
2016-12-18,26.0,61.0,1,Good
2016-12-19,18.0,,2,Moderate
2016-12-20,13.0,,1,Good
2016-12-21,17.0,,2,Moderate
2016-12-22,16.0,,1,Good
2016-12-23,32.0,25.0,1,Good
2016-12-24,30.0,17.0,2,Moderate
2016-12-25,25.0,49.0,1,Good
2016-12-26,24.0,21.0,2,Moderate
2016-12-27,15.0,47.0,1,Good
2016-12-28,14.0,52.0,2,Moderate
2016-12-29,14.0,70.0,1,Good
2016-12-30,31.0,65.0,2,Moderate
2016-12-31,31.0,31.0,1,Good
2017-01-01,35.0,37.0,1,Good
2017-01-02,35.0,22.0,1,Good
2017-01-03,32.0,12.0,2,Moderate
2017-01-04,24.0,6.0,1,Good
2017-01-05,26.0,21.0,1,Good
2017-01-06,25.0,30.0,1,Good
2017-01-07,28.0,21.0,1,Good
2017-01-08,33.0,,1,Good
2017-01-09,39.0,3.0,1,Good
2017-01-10,40.0,9.0,1,Good
2017-01-11,35.0,18.0,1,Good
2017-01-12,27.0,22.0,1,Good
2017-01-13,17.0,52.0,2,Moderate
2017-01-14,20.0,46.0,1,Good
2017-01-15,18.0,62.0,2,Moderate
2017-01-16,16.0,70.0,1,Good
2017-01-17,10.0,84.0,1,Good
2017-01-18,41.0,61.0,1,Good
2017-01-19,33.0,40.0,1,Good
2017-01-20,39.0,29.0,1,Good
2017-01-21,36.0,33.0,1,Good
2017-01-22,36.0,31.0,1,Good
2017-01-23,32.0,31.0,1,Good
2017-01-24,28.0,36.0,1,Good
2017-01-25,30.0,28.0,2,Moderate
2017-01-26,22.0,52.0,1,Good
2017-01-28,24.0,,2,Moderate
2017-01-29,25.0,56.0,1,Good
2017-01-30,19.0,62.0,2,Moderate
2017-01-31,17.0,82.0,1,Good
2017-02-01,21.0,81.0,1,Good
2017-02-02,31.0,24.0,1,Good
2017-02-03,38.0,18.0,1,Good
2017-02-04,35.0,26.0,1,Good
2017-02-05,38.0,21.0,1,Good
2017-02-06,37.0,22.0,1,Good
2017-02-07,21.0,23.0,1,Good
2017-02-08,17.0,16.0,1,Good
2017-02-09,38.0,8.0,1,Good
2017-02-10,34.0,17.0,1,Good
2017-02-11,27.0,27.0,1,Good
2017-02-12,26.0,40.0,1,Good
2017-02-13,13.0,55.0,2,Moderate
2017-02-14,26.0,57.0,2,Moderate
2017-02-15,33.0,55.0,1,Good
2017-02-16,40.0,43.0,1,Good
2017-02-17,33.0,24.0,2,Moderate
2017-02-18,39.0,21.0,1,Good
2017-02-19,34.0,21.0,2,Moderate
2017-02-20,44.0,29.0,1,Good
2017-02-21,37.0,41.0,2,Moderate
2017-02-22,37.0,22.0,1,Good
2017-02-23,35.0,29.0,2,Moderate
2017-02-24,35.0,28.0,1,Good
2017-02-25,38.0,31.0,2,Moderate
2017-02-26,36.0,34.0,2,Moderate
2017-02-27,33.0,26.0,1,Good
2017-02-28,34.0,29.0,1,Good
2017-03-01,26.0,32.0,2,Moderate
2017-03-02,26.0,52.0,1,Good
2017-03-03,36.0,42.0,1,Good
2017-03-04,44.0,8.0,1,Good
2017-03-05,42.0,24.0,2,Moderate
2017-03-06,33.0,30.0,1,Good
2017-03-07,31.0,42.0,1,Good
2017-03-08,31.0,26.0,1,Good
2017-03-09,20.0,37.0,2,Moderate
2017-03-10,16.0,27.0,1,Good
2017-03-11,30.0,36.0,1,Good
2017-03-12,24.0,38.0,1,Good
2017-03-13,29.0,53.0,1,Good
2017-03-14,38.0,53.0,1,Good
2017-03-15,22.0,22.0,1,Good
2017-03-16,29.0,14.0,1,Good
2017-03-17,32.0,49.0,1,Good
2017-03-18,31.0,29.0,1,Good
2017-03-19,31.0,31.0,1,Good
2017-03-20,24.0,42.0,1,Good
2017-03-21,39.0,32.0,1,Good
2017-03-22,40.0,27.0,1,Good
2017-03-23,39.0,33.0,1,Good
2017-03-24,38.0,32.0,2,Moderate
2017-03-25,38.0,37.0,1,Good
2017-03-26,40.0,22.0,2,Moderate
2017-03-27,35.0,39.0,1,Good
2017-03-28,37.0,51.0,1,Good
2017-03-29,32.0,60.0,1,Good
2017-03-30,34.0,55.0,1,Good
2017-03-31,37.0,46.0,1,Good
2017-04-01,36.0,53.0,1,Good
2017-04-02,31.0,61.0,1,Good
2017-04-03,34.0,60.0,1,Good
2017-04-04,36.0,51.0,2,Moderate
2017-04-05,50.0,43.0,1,Good
2017-04-06,48.0,43.0,1,Good
2017-04-07,40.0,46.0,1,Good
2017-04-08,44.0,19.0,1,Good
2017-04-09,39.0,28.0,1,Good
2017-04-10,36.0,34.0,1,Good
2017-04-11,38.0,33.0,1,Good
2017-04-12,41.0,2.0,1,Good
2017-04-13,43.0,23.0,1,Good
2017-04-14,34.0,28.0,1,Good
2017-04-15,32.0,39.0,1,Good
2017-04-16,38.0,33.0,1,Good
2017-04-17,31.0,15.0,1,Good
2017-04-18,36.0,19.0,1,Good
2017-04-19,34.0,32.0,1,Good
2017-04-20,40.0,34.0,1,Good
2017-04-21,32.0,44.0,1,Good
2017-04-22,35.0,23.0,1,Good
2017-04-23,37.0,21.0,1,Good
2017-04-24,37.0,22.0,1,Good
2017-04-25,36.0,23.0,1,Good
2017-04-26,30.0,11.0,1,Good
2017-04-27,37.0,48.0,1,Good
2017-04-29,37.0,46.0,1,Good
2017-04-30,30.0,55.0,1,Good
2017-05-01,32.0,55.0,1,Good
2017-05-02,20.0,52.0,1,Good
2017-05-03,19.0,52.0,1,Good
2017-05-04,20.0,18.0,1,Good
2017-05-05,37.0,36.0,1,Good
2017-05-06,32.0,56.0,2,Moderate
2017-05-07,31.0,64.0,1,Good
2017-05-08,29.0,67.0,1,Good
2017-05-09,35.0,65.0,1,Good
2017-05-10,,44.0,1,Good
2017-05-11,31.0,23.0,1,Good
2017-05-12,31.0,21.0,1,Good
2017-05-13,31.0,26.0,1,Good
2017-05-14,30.0,48.0,1,Good
2017-05-15,34.0,52.0,1,Good
2017-05-16,,22.0,1,Good
2017-05-17,30.0,38.0,1,Good
2017-05-18,24.0,56.0,1,Good
2017-05-19,28.0,60.0,1,Good
2017-05-20,27.0,40.0,1,Good
2017-05-21,26.0,52.0,1,Good
2017-05-22,27.0,32.0,1,Good
2017-05-23,29.0,16.0,1,Good
2017-05-24,32.0,24.0,2,Moderate
2017-05-25,32.0,32.0,1,Good
2017-05-26,31.0,29.0,2,Moderate
2017-05-27,30.0,22.0,1,Good
2017-05-28,28.0,28.0,1,Good
2017-05-29,29.0,29.0,1,Good
2017-05-30,28.0,34.0,1,Good
2017-05-31,23.0,15.0,1,Good
2017-06-01,20.0,19.0,1,Good
2017-06-02,22.0,40.0,1,Good
2017-06-03,30.0,45.0,2,Moderate
2017-06-04,32.0,54.0,2,Moderate
2017-06-05,29.0,61.0,1,Good
2017-06-06,26.0,55.0,1,Good
2017-06-07,23.0,39.0,1,Good
2017-06-08,18.0,25.0,1,Good
2017-06-09,29.0,20.0,1,Good
2017-06-10,27.0,31.0,1,Good
2017-06-11,25.0,43.0,1,Good
2017-06-12,20.0,56.0,1,Good
2017-06-13,23.0,56.0,1,Good
2017-06-14,26.0,56.0,1,Good
2017-06-15,18.0,35.0,2,Moderate
2017-06-16,20.0,40.0,1,Good
2017-06-17,20.0,56.0,1,Good
2017-06-18,31.0,63.0,1,Good
2017-06-19,16.0,56.0,2,Moderate
2017-06-20,16.0,55.0,2,Moderate
2017-06-21,19.0,55.0,1,Good
2017-06-22,22.0,55.0,1,Good
2017-06-23,22.0,7.0,1,Good
2017-06-24,21.0,2.0,1,Good
2017-06-25,22.0,,1,Good
2017-06-26,20.0,1.0,1,Good
2017-06-27,21.0,14.0,1,Good
2017-06-28,22.0,44.0,1,Good
2017-06-29,22.0,56.0,1,Good
2017-06-30,21.0,52.0,1,Good
2017-07-01,22.0,52.0,2,Moderate
2017-07-02,21.0,21.0,2,Moderate
2017-07-03,23.0,14.0,1,Good
2017-07-04,26.0,21.0,2,Moderate
2017-07-05,20.0,9.0,1,Good
2017-07-06,19.0,29.0,1,Good
2017-07-07,19.0,44.0,1,Good
2017-07-08,20.0,58.0,1,Good
2017-07-09,19.0,37.0,2,Moderate
2017-07-10,19.0,49.0,1,Good
2017-07-11,23.0,58.0,2,Moderate
2017-07-12,20.0,55.0,1,Good
2017-07-13,18.0,36.0,2,Moderate
2017-07-14,19.0,41.0,1,Good
2017-07-15,19.0,56.0,1,Good
2017-07-16,19.0,61.0,1,Good
2017-07-17,19.0,61.0,1,Good
2017-07-18,17.0,52.0,1,Good
2017-07-19,16.0,51.0,1,Good
2017-07-20,14.0,45.0,1,Good
2017-07-21,15.0,48.0,1,Good
2017-07-22,19.0,56.0,1,Good
2017-07-23,12.0,19.0,1,Good
2017-07-24,19.0,20.0,1,Good
2017-07-25,20.0,27.0,2,Moderate
2017-07-26,21.0,15.0,1,Good
2017-07-27,14.0,17.0,2,Moderate
2017-07-28,17.0,48.0,1,Good
2017-07-29,18.0,47.0,2,Moderate
2017-07-30,19.0,,1,Good
2017-07-31,19.0,,2,Moderate
2017-08-01,18.0,12.0,1,Good
2017-08-02,19.0,14.0,1,Good
2017-08-03,18.0,38.0,2,Moderate
2017-08-04,18.0,21.0,1,Good
2017-08-05,20.0,0.0,2,Moderate
2017-08-06,24.0,52.0,1,Good
2017-08-07,26.0,51.0,2,Moderate
2017-08-08,21.0,21.0,1,Good
2017-08-09,19.0,33.0,2,Moderate
2017-08-10,23.0,46.0,1,Good
2017-08-11,24.0,44.0,2,Moderate
2017-08-12,20.0,50.0,1,Good
2017-08-13,16.0,13.0,2,Moderate
2017-08-14,19.0,52.0,1,Good
2017-08-15,20.0,52.0,1,Good
2017-08-16,20.0,52.0,1,Good
2017-08-17,20.0,52.0,1,Good
2017-08-18,23.0,50.0,1,Good
2017-08-19,22.0,41.0,2,Moderate
2017-08-20,27.0,55.0,2,Moderate
2017-08-21,26.0,47.0,1,Good
2017-08-22,31.0,59.0,2,Moderate
2017-08-23,19.0,57.0,1,Good
2017-08-24,23.0,40.0,1,Good
2017-08-25,19.0,57.0,1,Good
2017-08-26,29.0,56.0,1,Good
2017-08-27,24.0,57.0,1,Good
2017-08-28,28.0,58.0,1,Good
2017-08-29,22.0,52.0,1,Good
2017-08-30,15.0,39.0,1,Good
2017-08-31,23.0,73.0,2,Moderate
2017-09-01,,125.0,1,Good
2017-09-02,,103.0,2,Moderate
2017-09-03,38.0,136.0,1,Good
2017-09-04,31.0,125.0,2,Moderate
2017-09-05,25.0,58.0,1,Good
2017-09-06,22.0,54.0,1,Good
2017-09-07,20.0,58.0,1,Good
2017-09-08,22.0,34.0,1,Good
2017-09-09,21.0,51.0,1,Good
2017-09-10,39.0,59.0,1,Good
2017-09-11,29.0,59.0,1,Good
2017-09-12,29.0,54.0,1,Good
2017-09-13,24.0,22.0,1,Good
2017-09-14,23.0,53.0,1,Good
2017-09-15,24.0,46.0,1,Good
2017-09-16,27.0,61.0,1,Good
2017-09-17,23.0,52.0,1,Good
2017-09-18,28.0,21.0,1,Good
2017-09-19,24.0,40.0,1,Good
2017-09-20,28.0,33.0,2,Moderate
2017-09-21,25.0,32.0,1,Good
2017-09-22,21.0,29.0,2,Moderate
2017-09-23,26.0,48.0,2,Moderate
2017-09-24,26.0,55.0,1,Good
2017-09-25,22.0,61.0,1,Good
2017-09-26,29.0,58.0,1,Good
2017-09-27,42.0,63.0,1,Good
2017-09-28,23.0,47.0,1,Good
2017-09-29,23.0,32.0,1,Good
2017-09-30,22.0,54.0,1,Good
2017-10-01,25.0,57.0,1,Good
2017-10-02,26.0,54.0,1,Good
2017-10-03,22.0,53.0,1,Good
2017-10-04,22.0,46.0,1,Good
2017-10-05,23.0,41.0,1,Good
2017-10-06,23.0,56.0,1,Good
2017-10-07,23.0,61.0,1,Good
2017-10-08,28.0,62.0,1,Good
2017-10-09,34.0,100.0,1,Good
2017-10-10,28.0,127.0,1,Good
2017-10-11,20.0,80.0,1,Good
2017-10-12,27.0,136.0,1,Good
2017-10-13,27.0,98.0,1,Good
2017-10-14,31.0,73.0,1,Good
2017-10-15,31.0,52.0,1,Good
2017-10-16,31.0,77.0,1,Good
2017-10-17,22.0,92.0,1,Good
2017-10-18,21.0,45.0,1,Good
2017-10-19,25.0,,1,Good
2017-10-20,24.0,26.0,2,Moderate
2017-10-21,21.0,26.0,2,Moderate
2017-10-22,19.0,26.0,1,Good
2017-10-23,18.0,40.0,1,Good
2017-10-24,24.0,41.0,1,Good
2017-10-25,43.0,54.0,1,Good
2017-10-26,39.0,59.0,1,Good
2017-10-27,30.0,,1,Good
2017-10-28,27.0,,1,Good
2017-10-29,34.0,,1,Good
2017-10-30,33.0,,1,Good
2017-10-31,30.0,,1,Good
2017-11-01,31.0,55.0,1,Good
2017-11-02,31.0,57.0,1,Good
2017-11-03,32.0,47.0,1,Good
2017-11-04,34.0,28.0,1,Good
2017-11-05,34.0,22.0,1,Good
2017-11-06,31.0,27.0,1,Good
2017-11-07,28.0,51.0,1,Good
2017-11-08,33.0,46.0,1,Good
2017-11-09,34.0,21.0,2,Moderate
2017-11-10,29.0,34.0,1,Good
2017-11-11,28.0,42.0,2,Moderate
2017-11-12,29.0,34.0,1,Good
2017-11-13,26.0,28.0,1,Good
2017-11-14,,44.0,1,Good
2017-11-15,31.0,36.0,1,Good
2017-11-16,34.0,30.0,1,Good
2017-11-17,30.0,38.0,2,Moderate
2017-11-18,21.0,55.0,2,Moderate
2017-11-19,23.0,63.0,1,Good
2017-11-20,7.0,78.0,1,Good
2017-11-21,16.0,63.0,1,Good
2017-11-22,13.0,72.0,1,Good
2017-11-23,11.0,60.0,2,Moderate
2017-11-24,16.0,25.0,1,Good
2017-11-25,18.0,53.0,2,Moderate
2017-11-26,0.0,18.0,1,Good
2017-11-27,37.0,39.0,2,Moderate
2017-11-28,,52.0,1,Good
2017-11-29,15.0,55.0,2,Moderate
2017-11-30,14.0,55.0,1,Good
2017-12-01,12.0,62.0,1,Good
2017-12-02,31.0,67.0,1,Good
2017-12-03,31.0,36.0,1,Good
2017-12-04,29.0,32.0,1,Good
2017-12-05,23.0,45.0,1,Good
2017-12-06,22.0,60.0,1,Good
2017-12-07,18.0,65.0,1,Good
2017-12-08,19.0,78.0,1,Good
2017-12-09,16.0,80.0,1,Good
2017-12-10,19.0,65.0,1,Good
2017-12-11,7.0,66.0,1,Good
2017-12-12,9.0,68.0,1,Good
2017-12-13,11.0,79.0,1,Good
2017-12-14,13.0,82.0,1,Good
2017-12-15,16.0,116.0,1,Good
2017-12-16,33.0,43.0,1,Good
2017-12-17,28.0,36.0,1,Good
2017-12-18,19.0,76.0,1,Good
2017-12-19,30.0,67.0,1,Good
2017-12-20,30.0,26.0,1,Good
2017-12-21,24.0,42.0,1,Good
2017-12-22,16.0,81.0,1,Good
2017-12-23,19.0,82.0,2,Moderate
2017-12-24,12.0,71.0,1,Good
2017-12-25,18.0,70.0,2,Moderate
2017-12-26,19.0,61.0,1,Good
2017-12-27,6.0,68.0,1,Good
2017-12-28,7.0,65.0,1,Good
2017-12-29,12.0,76.0,1,Good
2017-12-30,14.0,73.0,1,Good
2017-12-31,20.0,70.0,1,Good
2018-01-01,13.0,75.0,1,Good
2018-01-02,8.0,84.0,1,Good
2018-01-03,5.0,111.0,1,Good
2018-01-04,17.0,63.0,1,Good
2018-01-05,25.0,29.0,1,Good
2018-01-06,23.0,45.0,1,Good
2018-01-07,7.0,58.0,1,Good
2018-01-08,3.0,50.0,1,Good
2018-01-09,27.0,24.0,1,Good
2018-01-10,22.0,43.0,1,Good
2018-01-11,14.0,61.0,1,Good
2018-01-12,13.0,59.0,2,Moderate
2018-01-13,16.0,61.0,2,Moderate
2018-01-14,11.0,75.0,1,Good
2018-01-15,13.0,82.0,1,Good
2018-01-16,6.0,72.0,1,Good
2018-01-17,10.0,79.0,1,Good
2018-01-18,30.0,71.0,1,Good
2018-01-19,28.0,42.0,1,Good
2018-01-20,25.0,51.0,1,Good
2018-01-21,28.0,54.0,1,Good
2018-01-22,29.0,25.0,1,Good
2018-01-23,19.0,53.0,1,Good
2018-01-24,31.0,52.0,1,Good
2018-01-25,31.0,44.0,1,Good
2018-01-26,25.0,52.0,1,Good
2018-01-27,23.0,41.0,1,Good
2018-01-28,19.0,28.0,1,Good
2018-01-29,12.0,66.0,1,Good
2018-01-30,13.0,58.0,1,Good
2018-01-31,11.0,66.0,1,Good
2018-02-01,16.0,60.0,1,Good
2018-02-02,13.0,58.0,1,Good
2018-02-03,25.0,57.0,2,Moderate
2018-02-04,19.0,55.0,1,Good
2018-02-05,13.0,64.0,1,Good
2018-02-06,31.0,42.0,1,Good
2018-02-07,28.0,63.0,1,Good
2018-02-08,24.0,84.0,2,Moderate
2018-02-09,20.0,63.0,1,Good
2018-02-10,31.0,50.0,1,Good
2018-02-11,31.0,48.0,1,Good
2018-02-12,27.0,31.0,1,Good
2018-02-13,26.0,37.0,1,Good
2018-02-14,30.0,54.0,1,Good
2018-02-15,30.0,47.0,1,Good
2018-02-16,21.0,59.0,1,Good
2018-02-17,27.0,55.0,1,Good
2018-02-18,36.0,,1,Good
2018-02-19,32.0,,1,Good
2018-02-20,29.0,,1,Good
2018-02-21,30.0,47.0,1,Good
2018-02-22,31.0,39.0,1,Good
2018-02-23,28.0,40.0,1,Good
2018-02-24,31.0,45.0,1,Good
2018-02-25,32.0,40.0,1,Good
2018-02-26,31.0,31.0,1,Good
2018-02-27,31.0,29.0,1,Good
2018-02-28,26.0,42.0,1,Good
2018-03-01,34.0,28.0,1,Good
2018-03-02,31.0,28.0,1,Good
2018-03-03,33.0,33.0,1,Good
2018-03-04,31.0,26.0,1,Good
2018-03-05,27.0,25.0,1,Good
2018-03-06,26.0,43.0,1,Good
2018-03-07,37.0,51.0,2,Moderate
2018-03-08,23.0,26.0,1,Good
2018-03-09,21.0,13.0,1,Good
2018-03-10,16.0,22.0,1,Good
2018-03-11,25.0,54.0,1,Good
2018-03-12,19.0,24.0,1,Good
2018-03-13,32.0,4.0,1,Good
2018-03-14,33.0,9.0,1,Good
2018-03-15,31.0,26.0,1,Good
2018-03-16,31.0,31.0,1,Good
2018-03-17,30.0,31.0,1,Good
2018-03-18,22.0,47.0,1,Good
2018-03-19,20.0,48.0,1,Good
2018-03-20,22.0,42.0,1,Good
2018-03-21,28.0,10.0,1,Good
2018-03-22,33.0,19.0,1,Good
2018-03-23,31.0,39.0,1,Good
2018-03-24,34.0,42.0,1,Good
2018-03-25,31.0,34.0,1,Good
2018-03-26,25.0,40.0,1,Good
2018-03-27,24.0,54.0,1,Good
2018-03-28,31.0,60.0,1,Good
2018-03-29,35.0,60.0,1,Good
2018-03-30,34.0,58.0,1,Good
2018-03-31,28.0,53.0,1,Good
2018-04-01,37.0,59.0,1,Good
2018-04-02,36.0,57.0,1,Good
2018-04-03,33.0,58.0,1,Good
2018-04-04,39.0,42.0,2,Moderate
2018-04-05,31.0,41.0,2,Moderate
2018-04-06,18.0,4.0,1,Good
2018-04-07,37.0,46.0,1,Good
2018-04-08,39.0,54.0,2,Moderate
2018-04-09,32.0,56.0,1,Good
2018-04-10,39.0,39.0,2,Moderate
2018-04-11,44.0,24.0,1,Good
2018-04-12,44.0,42.0,2,Moderate
2018-04-13,35.0,49.0,1,Good
2018-04-14,42.0,58.0,2,Moderate
2018-04-15,41.0,42.0,1,Good
2018-04-16,41.0,29.0,1,Good
2018-04-17,,32.0,1,Good
2018-04-18,36.0,24.0,1,Good
2018-04-19,32.0,38.0,1,Good
2018-04-20,38.0,,2,Moderate
2018-04-21,33.0,,1,Good
2018-04-22,32.0,,1,Good
2018-04-23,34.0,,1,Good
2018-04-24,35.0,41.0,2,Moderate
2018-04-25,37.0,31.0,1,Good
2018-04-26,40.0,27.0,2,Moderate
2018-04-27,39.0,14.0,1,Good
2018-04-28,44.0,,1,Good
2018-04-29,40.0,,1,Good
2018-04-30,38.0,21.0,1,Good
2018-05-01,37.0,47.0,1,Good
2018-05-02,36.0,43.0,1,Good
2018-05-03,36.0,13.0,1,Good
2018-05-04,31.0,13.0,1,Good
2018-05-05,37.0,24.0,1,Good
2018-05-06,33.0,,1,Good
2018-05-07,29.0,,1,Good
2018-05-08,27.0,1.0,1,Good
2018-05-09,36.0,8.0,1,Good
2018-05-10,33.0,39.0,1,Good
2018-05-11,31.0,46.0,1,Good
2018-05-12,38.0,46.0,1,Good
2018-05-13,36.0,14.0,1,Good
2018-05-14,31.0,,2,Moderate
2018-05-15,31.0,,1,Good
2018-05-16,28.0,,1,Good
2018-05-17,29.0,6.0,1,Good
2018-05-18,31.0,4.0,1,Good
2018-05-19,38.0,36.0,2,Moderate
2018-05-20,36.0,31.0,1,Good
2018-05-21,31.0,31.0,1,Good
2018-05-22,30.0,21.0,1,Good
2018-05-23,31.0,,1,Good
2018-05-24,31.0,2.0,1,Good
2018-05-25,30.0,,1,Good
2018-05-26,26.0,5.0,1,Good
2018-05-27,27.0,32.0,1,Good
2018-05-28,31.0,52.0,1,Good
2018-05-29,31.0,63.0,1,Good
2018-05-30,31.0,52.0,1,Good
2018-05-31,29.0,26.0,1,Good
2018-06-01,27.0,20.0,1,Good
2018-06-02,26.0,51.0,1,Good
2018-06-03,31.0,44.0,1,Good
2018-06-04,31.0,53.0,1,Good
2018-06-05,30.0,45.0,1,Good
2018-06-06,32.0,19.0,1,Good
2018-06-07,35.0,25.0,1,Good
2018-06-08,28.0,6.0,1,Good
2018-06-09,31.0,,1,Good
2018-06-10,28.0,22.0,1,Good
2018-06-11,20.0,24.0,1,Good
2018-06-12,28.0,49.0,1,Good
2018-06-13,24.0,43.0,1,Good
2018-06-14,23.0,44.0,1,Good
2018-06-15,26.0,48.0,1,Good
2018-06-16,30.0,36.0,1,Good
2018-06-17,30.0,28.0,1,Good
2018-06-18,34.0,11.0,1,Good
2018-06-19,26.0,,1,Good
2018-06-20,24.0,6.0,1,Good
2018-06-21,22.0,14.0,1,Good
2018-06-22,20.0,52.0,1,Good
2018-06-23,24.0,61.0,1,Good
2018-06-24,32.0,51.0,1,Good
2018-06-25,30.0,36.0,1,Good
2018-06-26,28.0,56.0,1,Good
2018-06-27,28.0,58.0,1,Good
2018-06-28,28.0,61.0,1,Good
2018-06-29,27.0,59.0,1,Good
2018-06-30,29.0,56.0,1,Good
2018-07-01,27.0,27.0,1,Good
2018-07-02,29.0,22.0,1,Good
2018-07-03,27.0,63.0,1,Good
2018-07-04,29.0,54.0,1,Good
2018-07-05,24.0,48.0,1,Good
2018-07-06,16.0,34.0,1,Good
2018-07-07,20.0,39.0,1,Good
2018-07-08,21.0,53.0,1,Good
2018-07-09,22.0,50.0,1,Good
2018-07-10,19.0,47.0,1,Good
2018-07-11,20.0,27.0,1,Good
2018-07-12,23.0,30.0,1,Good
2018-07-13,20.0,22.0,1,Good
2018-07-14,22.0,13.0,1,Good
2018-07-15,24.0,36.0,1,Good
2018-07-16,26.0,32.0,1,Good
2018-07-17,22.0,28.0,1,Good
2018-07-18,21.0,37.0,1,Good
2018-07-19,19.0,37.0,1,Good
2018-07-20,21.0,34.0,1,Good
2018-07-21,19.0,18.0,1,Good
2018-07-22,23.0,28.0,1,Good
2018-07-23,27.0,47.0,1,Good
2018-07-24,24.0,53.0,1,Good
2018-07-25,20.0,41.0,1,Good
2018-07-26,20.0,51.0,1,Good
2018-07-27,17.0,37.0,1,Good
2018-07-28,17.0,31.0,1,Good
2018-07-29,19.0,17.0,1,Good
2018-07-30,19.0,38.0,2,Moderate
2018-07-31,24.0,36.0,1,Good
2018-08-01,18.0,36.0,2,Moderate
2018-08-02,17.0,42.0,1,Good
2018-08-03,13.0,58.0,1,Good
2018-08-04,16.0,49.0,1,Good
2018-08-05,19.0,39.0,1,Good
2018-08-06,18.0,38.0,1,Good
2018-08-07,23.0,25.0,1,Good
2018-08-08,20.0,24.0,1,Good
2018-08-09,22.0,18.0,2,Moderate
2018-08-10,16.0,29.0,1,Good
2018-08-11,17.0,29.0,2,Moderate
2018-08-12,19.0,52.0,1,Good
2018-08-13,24.0,35.0,2,Moderate
2018-08-14,25.0,31.0,1,Good
2018-08-15,34.0,63.0,1,Good
2018-08-16,36.0,67.0,1,Good
2018-08-17,33.0,61.0,2,Moderate
2018-08-18,29.0,42.0,1,Good
2018-08-19,31.0,72.0,1,Good
2018-08-20,31.0,74.0,2,Moderate
2018-08-21,40.0,61.0,1,Good
2018-08-22,37.0,85.0,2,Moderate
2018-08-23,45.0,128.0,1,Good
2018-08-24,35.0,71.0,1,Good
2018-08-25,25.0,65.0,2,Moderate
2018-08-26,29.0,59.0,1,Good
2018-08-28,19.0,43.0,2,Moderate
2018-08-29,34.0,46.0,1,Good
2018-08-30,34.0,49.0,2,Moderate
2018-08-31,20.0,41.0,1,Good
2018-09-01,23.0,54.0,2,Moderate
2018-09-02,28.0,63.0,1,Good
2018-09-03,31.0,66.0,2,Moderate
2018-09-04,31.0,64.0,1,Good
2018-09-05,30.0,54.0,2,Moderate
2018-09-06,30.0,55.0,2,Moderate
2018-09-07,26.0,55.0,1,Good
2018-09-08,25.0,48.0,1,Good
2018-09-09,26.0,49.0,2,Moderate
2018-09-10,26.0,55.0,1,Good
2018-09-11,29.0,58.0,2,Moderate
2018-09-12,29.0,50.0,1,Good
2018-09-13,26.0,36.0,2,Moderate
2018-09-14,24.0,32.0,1,Good
2018-09-15,26.0,28.0,2,Moderate
2018-09-16,28.0,23.0,1,Good
2018-09-17,30.0,28.0,2,Moderate
2018-09-18,28.0,51.0,2,Moderate
2018-09-19,26.0,59.0,1,Good
2018-09-20,34.0,74.0,2,Moderate
2018-09-21,31.0,66.0,1,Good
2018-09-22,30.0,52.0,1,Good
2018-09-23,25.0,54.0,2,Moderate
2018-09-24,28.0,61.0,1,Good
2018-09-25,31.0,60.0,2,Moderate
2018-09-26,31.0,55.0,1,Good
2018-09-27,33.0,34.0,2,Moderate
2018-09-28,35.0,55.0,1,Good
2018-09-29,30.0,34.0,2,Moderate
2018-09-30,28.0,14.0,1,Good
2018-10-01,24.0,46.0,1,Good
2018-10-02,23.0,31.0,1,Good
2018-10-03,27.0,,1,Good
2018-10-04,31.0,11.0,1,Good
2018-10-05,27.0,35.0,1,Good
2018-10-06,28.0,31.0,1,Good
2018-10-07,32.0,46.0,1,Good
2018-10-08,26.0,41.0,2,Moderate
2018-10-09,28.0,35.0,1,Good
2018-10-10,,44.0,2,Moderate
2018-10-11,31.0,41.0,1,Good
2018-10-12,27.0,36.0,2,Moderate
2018-10-13,31.0,52.0,1,Good
2018-10-14,31.0,55.0,1,Good
2018-10-15,38.0,39.0,1,Good
2018-10-16,31.0,52.0,2,Moderate
2018-10-17,35.0,67.0,2,Moderate
2018-10-18,30.0,59.0,1,Good
2018-10-19,33.0,64.0,1,Good
2018-10-20,35.0,59.0,2,Moderate
2018-10-21,37.0,55.0,1,Good
2018-10-22,37.0,,1,Good
2018-10-23,34.0,,1,Good
2018-10-24,23.0,,1,Good
2018-10-25,25.0,,1,Good
2018-10-26,21.0,39.0,1,Good
2018-10-27,14.0,13.0,1,Good
2018-10-28,30.0,26.0,1,Good
2018-10-29,30.0,40.0,1,Good
2018-10-30,25.0,49.0,1,Good
2018-10-31,20.0,58.0,1,Good
2018-11-01,22.0,55.0,1,Good
2018-11-02,18.0,56.0,1,Good
2018-11-03,19.0,56.0,1,Good
2018-11-04,31.0,55.0,1,Good
2018-11-05,25.0,53.0,2,Moderate
2018-11-06,21.0,55.0,1,Good
2018-11-07,26.0,58.0,2,Moderate
2018-11-08,,79.0,1,Good
2018-11-09,33.0,158.0,2,Moderate
2018-11-10,28.0,180.0,1,Good
2018-11-11,45.0,173.0,1,Good
2018-11-12,44.0,170.0,1,Good
2018-11-13,31.0,169.0,1,Good
2018-11-14,32.0,181.0,1,Good
2018-11-15,36.0,221.0,1,Good
2018-11-16,26.0,252.0,1,Good
2018-11-17,40.0,161.0,1,Good
2018-11-18,30.0,151.0,1,Good
2018-11-19,24.0,182.0,1,Good
2018-11-20,26.0,158.0,1,Good
2018-11-21,32.0,60.0,1,Good
2018-11-22,34.0,13.0,1,Good
2018-11-23,32.0,18.0,1,Good
2018-11-24,31.0,22.0,1,Good
2018-11-25,12.0,52.0,1,Good
2018-11-26,13.0,53.0,1,Good
2018-11-27,19.0,52.0,1,Good
2018-11-28,,31.0,1,Good
2018-11-29,36.0,36.0,1,Good
2018-11-30,30.0,38.0,1,Good
2018-12-01,35.0,26.0,1,Good
2018-12-02,26.0,21.0,1,Good
2018-12-03,19.0,32.0,1,Good
2018-12-04,20.0,53.0,1,Good
2018-12-05,23.0,38.0,1,Good
2018-12-06,21.0,44.0,2,Moderate
2018-12-07,14.0,57.0,1,Good
2018-12-08,22.0,69.0,1,Good
2018-12-09,12.0,90.0,1,Good
2018-12-10,14.0,74.0,2,Moderate
2018-12-11,10.0,56.0,2,Moderate
2018-12-12,20.0,55.0,1,Good
2018-12-13,20.0,61.0,1,Good
2018-12-14,33.0,67.0,2,Moderate
2018-12-15,22.0,53.0,1,Good
2018-12-16,31.0,24.0,2,Moderate
2018-12-17,25.0,47.0,1,Good
2018-12-18,20.0,48.0,1,Good
2018-12-19,16.0,43.0,1,Good
2018-12-20,8.0,69.0,1,Good
2018-12-21,9.0,56.0,1,Good
2018-12-22,17.0,36.0,1,Good
2018-12-23,13.0,47.0,1,Good
2018-12-24,36.0,48.0,1,Good
2018-12-25,27.0,27.0,1,Good
2018-12-26,22.0,24.0,1,Good
2018-12-27,30.0,17.0,1,Good
2018-12-28,29.0,31.0,1,Good
2018-12-29,21.0,43.0,1,Good
2018-12-30,31.0,52.0,1,Good
2018-12-31,30.0,14.0,1,Good
2019-01-01,30.0,21.0,2,Moderate
2019-01-02,16.0,55.0,1,Good
2019-01-03,17.0,74.0,1,Good
2019-01-04,24.0,81.0,2,Moderate
2019-01-05,36.0,33.0,1,Good
2019-01-06,34.0,24.0,2,Moderate
2019-01-07,18.0,34.0,2,Moderate
2019-01-08,32.0,33.0,1,Good
2019-01-09,32.0,34.0,1,Good
2019-01-10,15.0,56.0,2,Moderate
2019-01-11,9.0,52.0,1,Good
2019-01-12,29.0,41.0,1,Good
2019-01-13,21.0,52.0,1,Good
2019-01-14,27.0,37.0,1,Good
2019-01-15,34.0,13.0,1,Good
2019-01-16,38.0,18.0,1,Good
2019-01-17,35.0,57.0,1,Good
2019-01-18,27.0,61.0,1,Good
2019-01-19,23.0,56.0,1,Good
2019-01-20,39.0,21.0,1,Good
2019-01-21,32.0,27.0,1,Good
2019-01-22,26.0,32.0,1,Good
2019-01-23,24.0,,1,Good
2019-01-24,19.0,,1,Good
2019-01-25,22.0,61.0,1,Good
2019-01-26,26.0,60.0,1,Good
2019-01-27,28.0,74.0,1,Good
2019-01-28,16.0,56.0,1,Good
2019-01-29,19.0,39.0,1,Good
2019-01-30,20.0,53.0,1,Good
2019-01-31,33.0,54.0,1,Good
2019-02-01,40.0,25.0,1,Good
2019-02-02,39.0,23.0,1,Good
2019-02-03,38.0,19.0,2,Moderate
2019-02-04,37.0,23.0,2,Moderate
2019-02-05,30.0,24.0,1,Good
2019-02-06,26.0,35.0,1,Good
2019-02-07,29.0,34.0,2,Moderate
2019-02-08,27.0,39.0,1,Good
2019-02-09,39.0,28.0,1,Good
2019-02-10,39.0,19.0,1,Good
2019-02-11,30.0,34.0,1,Good
2019-02-12,38.0,38.0,1,Good
2019-02-13,31.0,15.0,1,Good
2019-02-14,40.0,22.0,1,Good
2019-02-15,38.0,29.0,1,Good
2019-02-16,37.0,32.0,1,Good
2019-02-17,37.0,20.0,1,Good
2019-02-18,32.0,26.0,1,Good
2019-02-19,31.0,29.0,1,Good
2019-02-20,35.0,20.0,1,Good
2019-02-21,34.0,22.0,1,Good
2019-02-22,32.0,23.0,1,Good
2019-02-23,32.0,34.0,1,Good
2019-02-24,36.0,32.0,1,Good
2019-02-25,35.0,31.0,1,Good
2019-02-26,32.0,18.0,1,Good
2019-02-27,36.0,17.0,1,Good
2019-02-28,35.0,26.0,1,Good
2019-03-01,20.0,38.0,1,Good
2019-03-02,19.0,34.0,1,Good
2019-03-03,32.0,25.0,1,Good
2019-03-04,30.0,32.0,1,Good
2019-03-05,34.0,30.0,1,Good
2019-03-06,37.0,18.0,1,Good
2019-03-07,37.0,24.0,1,Good
2019-03-08,39.0,19.0,1,Good
2019-03-09,40.0,21.0,2,Moderate
2019-03-10,37.0,18.0,1,Good
2019-03-11,31.0,36.0,1,Good
2019-03-12,37.0,43.0,1,Good
2019-03-13,34.0,33.0,1,Good
2019-03-14,36.0,30.0,1,Good
2019-03-15,40.0,34.0,1,Good
2019-03-16,39.0,44.0,1,Good
2019-03-17,44.0,53.0,1,Good
2019-03-18,41.0,57.0,1,Good
2019-03-19,47.0,51.0,1,Good
2019-03-20,46.0,31.0,1,Good
2019-03-21,43.0,36.0,1,Good
2019-03-22,39.0,26.0,1,Good
2019-03-23,49.0,35.0,1,Good
2019-03-24,47.0,33.0,1,Good
2019-03-25,39.0,27.0,1,Good
2019-03-26,42.0,23.0,1,Good
2019-03-27,44.0,19.0,1,Good
2019-03-28,43.0,32.0,1,Good
2019-03-29,42.0,30.0,1,Good
2019-03-30,35.0,29.0,2,Moderate
2019-03-31,32.0,37.0,1,Good
2019-04-01,36.0,33.0,2,Moderate
2019-04-02,32.0,15.0,1,Good
2019-04-03,32.0,11.0,1,Good
2019-04-04,34.0,6.0,1,Good
2019-04-05,43.0,13.0,1,Good
2019-04-06,41.0,23.0,1,Good
2019-04-07,30.0,32.0,1,Good
2019-04-08,40.0,29.0,1,Good
2019-04-09,40.0,33.0,1,Good
2019-04-10,34.0,39.0,1,Good
2019-04-11,36.0,47.0,1,Good
2019-04-12,34.0,36.0,1,Good
2019-04-13,40.0,52.0,1,Good
2019-04-14,44.0,38.0,1,Good
2019-04-15,42.0,37.0,1,Good
2019-04-16,37.0,26.0,1,Good
2019-04-17,33.0,36.0,1,Good
2019-04-18,41.0,44.0,1,Good
2019-04-19,29.0,23.0,1,Good
2019-04-20,44.0,38.0,1,Good
2019-04-21,36.0,56.0,1,Good
2019-04-22,31.0,61.0,1,Good
2019-04-23,35.0,63.0,1,Good
2019-04-24,33.0,67.0,1,Good
2019-04-25,41.0,62.0,1,Good
2019-04-26,42.0,60.0,1,Good
2019-04-27,44.0,62.0,1,Good
2019-04-28,41.0,61.0,1,Good
2019-04-29,,57.0,1,Good
2019-04-30,41.0,57.0,2,Moderate
2019-05-01,42.0,58.0,1,Good
2019-05-02,42.0,55.0,2,Moderate
2019-05-03,37.0,55.0,1,Good
2019-05-04,41.0,48.0,2,Moderate
2019-05-05,41.0,19.0,1,Good
2019-05-06,33.0,11.0,1,Good
2019-05-07,32.0,14.0,1,Good
2019-05-08,32.0,26.0,2,Moderate
2019-05-09,31.0,27.0,2,Moderate
2019-05-10,35.0,28.0,1,Good
2019-05-11,36.0,31.0,2,Moderate
2019-05-12,32.0,36.0,1,Good
2019-05-13,31.0,26.0,1,Good
2019-05-14,30.0,27.0,2,Moderate
2019-05-15,41.0,21.0,1,Good
2019-05-16,39.0,43.0,1,Good
2019-05-17,36.0,36.0,1,Good
2019-05-18,41.0,21.0,1,Good
2019-05-19,46.0,22.0,1,Good
2019-05-20,41.0,23.0,1,Good
2019-05-21,,34.0,1,Good
2019-05-22,28.0,48.0,1,Good
2019-05-23,27.0,57.0,1,Good
2019-05-24,31.0,24.0,1,Good
2019-05-25,41.0,51.0,1,Good
2019-05-26,37.0,33.0,1,Good
2019-05-27,29.0,37.0,1,Good
2019-05-28,31.0,50.0,1,Good
2019-05-29,26.0,57.0,1,Good
2019-05-30,27.0,22.0,1,Good
2019-05-31,27.0,38.0,1,Good
2019-06-01,29.0,39.0,1,Good
2019-06-02,26.0,8.0,1,Good
2019-06-03,28.0,39.0,1,Good
2019-06-04,30.0,63.0,1,Good
2019-06-05,28.0,58.0,1,Good
2019-06-06,28.0,47.0,1,Good
2019-06-07,27.0,50.0,1,Good
2019-06-08,32.0,42.0,1,Good
2019-06-09,45.0,58.0,1,Good
2019-06-10,108.0,57.0,1,Good
2019-06-11,87.0,62.0,1,Good
2019-06-12,31.0,54.0,1,Good
2019-06-13,26.0,24.0,1,Good
2019-06-14,24.0,36.0,1,Good
2019-06-15,23.0,27.0,1,Good
2019-06-16,21.0,34.0,1,Good
2019-06-17,19.0,52.0,1,Good
2019-06-18,24.0,34.0,1,Good
2019-06-19,23.0,28.0,1,Good
2019-06-20,27.0,53.0,1,Good
2019-06-21,25.0,56.0,1,Good
2019-06-22,24.0,65.0,1,Good
2019-06-23,25.0,58.0,1,Good
2019-06-24,28.0,53.0,1,Good
2019-06-25,27.0,50.0,1,Good
2019-06-26,25.0,29.0,1,Good
2019-06-27,22.0,28.0,1,Good
2019-06-28,22.0,33.0,1,Good
2019-06-29,21.0,39.0,1,Good
2019-06-30,25.0,37.0,1,Good
2019-07-01,24.0,48.0,1,Good
2019-07-02,23.0,53.0,1,Good
2019-07-03,23.0,52.0,2,Moderate
2019-07-04,26.0,51.0,2,Moderate
2019-07-05,25.0,47.0,1,Good
2019-07-06,27.0,55.0,1,Good
2019-07-07,25.0,53.0,2,Moderate
2019-07-08,24.0,41.0,1,Good
2019-07-09,19.0,24.0,2,Moderate
2019-07-10,12.0,22.0,1,Good
2019-07-11,14.0,12.0,1,Good
2019-07-12,14.0,21.0,1,Good
2019-07-13,16.0,29.0,1,Good
2019-07-14,20.0,33.0,1,Good
2019-07-15,18.0,43.0,2,Moderate
2019-07-16,19.0,23.0,1,Good
2019-07-17,23.0,48.0,2,Moderate
2019-07-18,23.0,23.0,1,Good
2019-07-19,21.0,52.0,2,Moderate
2019-07-20,24.0,29.0,2,Moderate
2019-07-21,23.0,36.0,1,Good
2019-07-22,21.0,39.0,1,Good
2019-07-23,17.0,34.0,1,Good
2019-07-24,23.0,57.0,1,Good
2019-07-25,23.0,53.0,1,Good
2019-07-26,20.0,19.0,1,Good
2019-07-27,22.0,29.0,1,Good
2019-07-28,24.0,56.0,1,Good
2019-07-29,22.0,58.0,1,Good
2019-07-30,25.0,50.0,1,Good
2019-07-31,25.0,47.0,1,Good
2019-08-01,15.0,15.0,2,Moderate
2019-08-02,13.0,16.0,1,Good
2019-08-03,21.0,12.0,1,Good
2019-08-04,28.0,39.0,1,Good
2019-08-05,24.0,53.0,1,Good
2019-08-06,27.0,53.0,2,Moderate
2019-08-07,29.0,50.0,1,Good
2019-08-08,27.0,33.0,2,Moderate
2019-08-09,23.0,23.0,1,Good
2019-08-10,19.0,5.0,1,Good
2019-08-11,21.0,23.0,1,Good
2019-08-12,21.0,40.0,2,Moderate
2019-08-13,20.0,46.0,1,Good
2019-08-14,28.0,57.0,1,Good
2019-08-15,26.0,62.0,1,Good
2019-08-16,23.0,63.0,1,Good
2019-08-17,28.0,54.0,1,Good
2019-08-18,25.0,28.0,1,Good
2019-08-19,24.0,19.0,1,Good
2019-08-20,23.0,30.0,1,Good
2019-08-21,22.0,27.0,1,Good
2019-08-22,20.0,37.0,1,Good
2019-08-23,23.0,43.0,1,Good
2019-08-24,28.0,37.0,1,Good
2019-08-25,31.0,27.0,1,Good
2019-08-26,23.0,19.0,1,Good
2019-08-27,29.0,26.0,1,Good
2019-08-28,27.0,35.0,1,Good
2019-08-29,22.0,52.0,1,Good
2019-08-30,20.0,40.0,1,Good
2019-08-31,21.0,39.0,1,Good
2019-09-01,22.0,23.0,1,Good
2019-09-02,22.0,34.0,1,Good
2019-09-03,20.0,24.0,1,Good
2019-09-04,22.0,29.0,1,Good
2019-09-05,25.0,19.0,1,Good
2019-09-06,23.0,18.0,1,Good
2019-09-07,23.0,20.0,1,Good
2019-09-08,24.0,33.0,1,Good
2019-09-09,28.0,29.0,2,Moderate
2019-09-10,26.0,37.0,2,Moderate
2019-09-11,27.0,52.0,1,Good
2019-09-12,30.0,52.0,2,Moderate
2019-09-13,44.0,,1,Good
2019-09-14,24.0,,1,Good
2019-09-15,27.0,,1,Good
2019-09-16,27.0,,1,Good
2019-09-17,22.0,27.0,1,Good
2019-09-18,23.0,19.0,1,Good
2019-09-19,25.0,29.0,1,Good
2019-09-20,25.0,39.0,1,Good
2019-09-21,31.0,42.0,1,Good
2019-09-22,19.0,33.0,1,Good
2019-09-23,21.0,32.0,1,Good
2019-09-24,32.0,57.0,1,Good
2019-09-25,33.0,56.0,2,Moderate
2019-09-26,32.0,56.0,2,Moderate
2019-09-27,28.0,22.0,1,Good
2019-09-28,29.0,49.0,1,Good
2019-09-29,28.0,34.0,2,Moderate
2019-09-30,28.0,23.0,1,Good
2019-10-01,23.0,22.0,1,Good
2019-10-02,21.0,38.0,1,Good
2019-10-03,27.0,36.0,1,Good
2019-10-04,27.0,35.0,1,Good
2019-10-05,26.0,37.0,2,Moderate
2019-10-06,36.0,44.0,1,Good
2019-10-07,36.0,53.0,2,Moderate
2019-10-08,30.0,55.0,2,Moderate
2019-10-09,29.0,53.0,1,Good
2019-10-10,32.0,38.0,2,Moderate
2019-10-11,37.0,48.0,1,Good
2019-10-12,50.0,54.0,1,Good
2019-10-13,34.0,33.0,2,Moderate
2019-10-14,31.0,52.0,1,Good
2019-10-15,29.0,56.0,2,Moderate
2019-10-16,30.0,20.0,1,Good
2019-10-17,31.0,32.0,1,Good
2019-10-18,31.0,53.0,1,Good
2019-10-19,31.0,53.0,1,Good
2019-10-20,28.0,46.0,1,Good
2019-10-21,23.0,54.0,1,Good
2019-10-22,28.0,56.0,1,Good
2019-10-23,25.0,57.0,1,Good
2019-10-24,28.0,42.0,1,Good
2019-10-25,36.0,69.0,1,Good
2019-10-26,25.0,66.0,1,Good
2019-10-27,29.0,32.0,1,Good
2019-10-28,40.0,63.0,2,Moderate
2019-10-29,29.0,55.0,1,Good
2019-10-30,31.0,38.0,2,Moderate
2019-10-31,33.0,55.0,1,Good
2019-11-01,30.0,60.0,2,Moderate
2019-11-02,44.0,62.0,1,Good
2019-11-03,42.0,58.0,1,Good
2019-11-04,27.0,54.0,1,Good
2019-11-05,25.0,53.0,1,Good
2019-11-06,20.0,52.0,1,Good
2019-11-07,31.0,59.0,1,Good
2019-11-08,29.0,75.0,1,Good
2019-11-09,29.0,69.0,1,Good
2019-11-10,24.0,55.0,1,Good
2019-11-11,20.0,60.0,1,Good
2019-11-12,31.0,55.0,1,Good
2019-11-13,31.0,52.0,1,Good
2019-11-14,25.0,48.0,1,Good
2019-11-15,23.0,17.0,2,Moderate
2019-11-16,14.0,51.0,1,Good
2019-11-17,33.0,59.0,1,Good
2019-11-18,36.0,67.0,1,Good
2019-11-19,,43.0,1,Good
2019-11-20,26.0,47.0,2,Moderate
2019-11-21,26.0,55.0,1,Good
2019-11-22,25.0,60.0,1,Good
2019-11-23,29.0,62.0,2,Moderate
2019-11-24,24.0,57.0,1,Good
2019-11-25,32.0,52.0,1,Good
2019-11-26,,32.0,1,Good
2019-11-27,32.0,36.0,1,Good
2019-11-28,25.0,34.0,1,Good
2019-11-29,29.0,31.0,2,Moderate
2019-11-30,31.0,18.0,1,Good
2019-12-01,30.0,9.0,2,Moderate
2019-12-02,18.0,21.0,1,Good
2019-12-03,15.0,28.0,2,Moderate
2019-12-04,6.0,47.0,2,Moderate
2019-12-05,9.0,54.0,1,Good
2019-12-06,31.0,18.0,1,Good
2019-12-07,36.0,21.0,2,Moderate
2019-12-08,38.0,23.0,1,Good
2019-12-09,25.0,37.0,1,Good
2019-12-10,20.0,51.0,1,Good
2019-12-11,19.0,44.0,1,Good
2019-12-12,18.0,12.0,1,Good
2019-12-13,32.0,28.0,2,Moderate
2019-12-14,37.0,23.0,1,Good
2019-12-15,32.0,23.0,1,Good
2019-12-16,19.0,32.0,1,Good
2019-12-17,27.0,54.0,1,Good
2019-12-18,29.0,21.0,1,Good
2019-12-19,25.0,38.0,1,Good
2019-12-20,14.0,61.0,1,Good
2019-12-21,27.0,58.0,1,Good
2019-12-22,37.0,26.0,1,Good
2019-12-23,23.0,30.0,1,Good
2019-12-24,33.0,29.0,1,Good
2019-12-25,28.0,19.0,1,Good
2019-12-26,22.0,39.0,1,Good
2019-12-27,20.0,46.0,1,Good
2019-12-28,18.0,51.0,1,Good
2019-12-29,23.0,36.0,1,Good
2019-12-30,19.0,41.0,1,Good
2019-12-31,13.0,52.0,1,Good
